<PAMDataset>
  <Metadata>
    <MDI key="DataType">Generic</MDI>
  </Metadata>
  <Metadata domain="Esri">
    <MDI key="PyramidResamplingType">NEAREST</MDI>
  </Metadata>
  <PAMRasterBand band="1">
    <Histograms>
      <HistItem>
        <HistMin>3</HistMin>
        <HistMax>65535</HistMax>
        <BucketCount>256</BucketCount>
        <IncludeOutOfRange>1</IncludeOutOfRange>
        <Approximate>0</Approximate>
        <HistCounts>2824898|1517704|2400442|76461|0|1018|654202|844865|844500|0|0|0|0|0|0|0|0|0|0|0|0|0|0|0|0|0|0|0|0|0|0|0|0|0|0|0|0|0|0|0|0|0|0|0|0|0|0|0|0|0|0|0|0|0|0|0|0|0|0|0|0|0|0|0|0|0|0|0|0|0|0|0|0|0|0|0|0|0|0|0|0|0|0|0|0|0|0|0|0|0|0|0|0|0|0|0|0|0|0|0|0|0|0|0|0|0|0|0|0|0|0|0|0|0|0|0|0|0|0|0|0|0|0|0|0|0|0|0|0|0|0|0|0|0|0|0|0|0|0|0|0|0|0|0|0|0|0|0|0|0|0|0|0|0|0|0|0|0|0|0|0|0|0|0|0|0|0|0|0|0|0|0|0|0|0|0|0|0|0|0|0|0|0|0|0|0|0|0|0|0|0|0|0|0|0|0|0|0|0|0|0|0|0|0|0|0|0|0|0|0|0|0|0|0|0|0|0|0|0|0|0|0|0|0|0|0|0|0|0|0|0|0|0|0|0|0|0|0|0|0|0|0|0|0|0|0|0|0|0|0|0|0|0|0|0|46666798</HistCounts>
      </HistItem>
    </Histograms>
    <GDALRasterAttributeTable>
      <FieldDefn index="0">
        <Name>OID</Name>
        <Type>0</Type>
        <Usage>0</Usage>
      </FieldDefn>
      <FieldDefn index="1">
        <Name>Value</Name>
        <Type>0</Type>
        <Usage>0</Usage>
      </FieldDefn>
      <FieldDefn index="2">
        <Name>Count</Name>
        <Type>1</Type>
        <Usage>0</Usage>
      </FieldDefn>
      <FieldDefn index="3">
        <Name>Code</Name>
        <Type>0</Type>
        <Usage>0</Usage>
      </FieldDefn>
      <FieldDefn index="4">
        <Name>Descriptio</Name>
        <Type>2</Type>
        <Usage>0</Usage>
      </FieldDefn>
      <Row index="0">
        <F>0</F>
        <F>3</F>
        <F>1746409</F>
        <F>3</F>
        <F>Annual Grassland</F>
      </Row>
      <Row index="1">
        <F>1</F>
        <F>4</F>
        <F>127212</F>
        <F>4</F>
        <F>Alkali Desert Scrub</F>
      </Row>
      <Row index="2">
        <F>2</F>
        <F>6</F>
        <F>7409</F>
        <F>6</F>
        <F>Barren</F>
      </Row>
      <Row index="3">
        <F>3</F>
        <F>8</F>
        <F>484</F>
        <F>8</F>
        <F>Blue Oak Foothill Pine</F>
      </Row>
      <Row index="4">
        <F>4</F>
        <F>9</F>
        <F>43730</F>
        <F>9</F>
        <F>Blue Oak Woodland</F>
      </Row>
      <Row index="5">
        <F>5</F>
        <F>10</F>
        <F>28431</F>
        <F>10</F>
        <F>Coastal Oak Woodland</F>
      </Row>
      <Row index="6">
        <F>6</F>
        <F>11</F>
        <F>63</F>
        <F>11</F>
        <F>Closed Cone Pine Cypress</F>
      </Row>
      <Row index="7">
        <F>7</F>
        <F>12</F>
        <F>26</F>
        <F>12</F>
        <F>Chamise Redshank Chaparral</F>
      </Row>
      <Row index="8">
        <F>8</F>
        <F>13</F>
        <F>23109</F>
        <F>13</F>
        <F>Coastal Scrub</F>
      </Row>
      <Row index="9">
        <F>9</F>
        <F>22</F>
        <F>27125</F>
        <F>22</F>
        <F>Freshwater Emergent Wetland</F>
      </Row>
      <Row index="10">
        <F>10</F>
        <F>28</F>
        <F>957</F>
        <F>28</F>
        <F>Lacustrine</F>
      </Row>
      <Row index="11">
        <F>11</F>
        <F>32</F>
        <F>1429</F>
        <F>32</F>
        <F>Mixed Chaparral</F>
      </Row>
      <Row index="12">
        <F>12</F>
        <F>36</F>
        <F>5805</F>
        <F>36</F>
        <F>Montane Hardwood</F>
      </Row>
      <Row index="13">
        <F>13</F>
        <F>39</F>
        <F>1919</F>
        <F>39</F>
        <F>Perennial Grassland</F>
      </Row>
      <Row index="14">
        <F>14</F>
        <F>43</F>
        <F>2247</F>
        <F>43</F>
        <F>Riverine</F>
      </Row>
      <Row index="15">
        <F>15</F>
        <F>49</F>
        <F>976</F>
        <F>49</F>
        <F>Saline Emergent Wetland</F>
      </Row>
      <Row index="16">
        <F>16</F>
        <F>53</F>
        <F>751892</F>
        <F>53</F>
        <F>Urban</F>
      </Row>
      <Row index="17">
        <F>17</F>
        <F>55</F>
        <F>863</F>
        <F>55</F>
        <F>Valley Oak Woodland</F>
      </Row>
      <Row index="18">
        <F>18</F>
        <F>56</F>
        <F>18038</F>
        <F>56</F>
        <F>Valley Foothill Riparian</F>
      </Row>
      <Row index="19">
        <F>19</F>
        <F>57</F>
        <F>21866</F>
        <F>57</F>
        <F>Water</F>
      </Row>
      <Row index="20">
        <F>20</F>
        <F>59</F>
        <F>2</F>
        <F>59</F>
        <F>Wet Meadow</F>
      </Row>
      <Row index="21">
        <F>21</F>
        <F>62</F>
        <F>14467</F>
        <F>62</F>
        <F>Undetermined Shrub Type</F>
      </Row>
      <Row index="22">
        <F>22</F>
        <F>63</F>
        <F>346</F>
        <F>63</F>
        <F>Undetermined Conifer Type</F>
      </Row>
      <Row index="23">
        <F>23</F>
        <F>77</F>
        <F>93</F>
        <F>77</F>
        <F>Eucalyptus</F>
      </Row>
      <Row index="24">
        <F>24</F>
        <F>300</F>
        <F>5537</F>
        <F>300</F>
        <F>Citrus and Subtropical Miscellaneous subtropical and jojoba</F>
      </Row>
      <Row index="25">
        <F>25</F>
        <F>301</F>
        <F>3495</F>
        <F>301</F>
        <F>Grapefruit</F>
      </Row>
      <Row index="26">
        <F>26</F>
        <F>302</F>
        <F>18927</F>
        <F>302</F>
        <F>Lemons</F>
      </Row>
      <Row index="27">
        <F>27</F>
        <F>303</F>
        <F>343162</F>
        <F>303</F>
        <F>Oranges</F>
      </Row>
      <Row index="28">
        <F>28</F>
        <F>305</F>
        <F>473</F>
        <F>305</F>
        <F>Avocados</F>
      </Row>
      <Row index="29">
        <F>29</F>
        <F>306</F>
        <F>35414</F>
        <F>306</F>
        <F>Olives</F>
      </Row>
      <Row index="30">
        <F>30</F>
        <F>308</F>
        <F>3890</F>
        <F>308</F>
        <F>Kiwis</F>
      </Row>
      <Row index="31">
        <F>31</F>
        <F>310</F>
        <F>2514</F>
        <F>310</F>
        <F>Eucalyptus</F>
      </Row>
      <Row index="32">
        <F>32</F>
        <F>400</F>
        <F>53685</F>
        <F>400</F>
        <F>Deciduous Fruits and Nuts</F>
      </Row>
      <Row index="33">
        <F>33</F>
        <F>401</F>
        <F>43764</F>
        <F>401</F>
        <F>Apples</F>
      </Row>
      <Row index="34">
        <F>34</F>
        <F>402</F>
        <F>5721</F>
        <F>402</F>
        <F>Apricots</F>
      </Row>
      <Row index="35">
        <F>35</F>
        <F>403</F>
        <F>15067</F>
        <F>403</F>
        <F>Cherries</F>
      </Row>
      <Row index="36">
        <F>36</F>
        <F>405</F>
        <F>140777</F>
        <F>405</F>
        <F>Peaches and Nectarines</F>
      </Row>
      <Row index="37">
        <F>37</F>
        <F>406</F>
        <F>2651</F>
        <F>406</F>
        <F>Pears</F>
      </Row>
      <Row index="38">
        <F>38</F>
        <F>407</F>
        <F>77086</F>
        <F>407</F>
        <F>Plums</F>
      </Row>
      <Row index="39">
        <F>39</F>
        <F>408</F>
        <F>9424</F>
        <F>408</F>
        <F>Prunes</F>
      </Row>
      <Row index="40">
        <F>40</F>
        <F>409</F>
        <F>5086</F>
        <F>409</F>
        <F>Figs</F>
      </Row>
      <Row index="41">
        <F>41</F>
        <F>412</F>
        <F>504046</F>
        <F>412</F>
        <F>Almonds</F>
      </Row>
      <Row index="42">
        <F>42</F>
        <F>413</F>
        <F>92164</F>
        <F>413</F>
        <F>Walnuts</F>
      </Row>
      <Row index="43">
        <F>43</F>
        <F>414</F>
        <F>154821</F>
        <F>414</F>
        <F>Pistachios</F>
      </Row>
      <Row index="44">
        <F>44</F>
        <F>600</F>
        <F>322174</F>
        <F>600</F>
        <F>Field Crops includes Flax Hops Castor Beans Miscellaneous Field and Millet</F>
      </Row>
      <Row index="45">
        <F>45</F>
        <F>601</F>
        <F>979625</F>
        <F>601</F>
        <F>Cotton</F>
      </Row>
      <Row index="46">
        <F>46</F>
        <F>602</F>
        <F>15117</F>
        <F>602</F>
        <F>Safflower</F>
      </Row>
      <Row index="47">
        <F>47</F>
        <F>605</F>
        <F>31242</F>
        <F>605</F>
        <F>Sugar Beets</F>
      </Row>
      <Row index="48">
        <F>48</F>
        <F>606</F>
        <F>339715</F>
        <F>606</F>
        <F>Corn Field and Sweet</F>
      </Row>
      <Row index="49">
        <F>49</F>
        <F>607</F>
        <F>12990</F>
        <F>607</F>
        <F>Grain sorghum</F>
      </Row>
      <Row index="50">
        <F>50</F>
        <F>608</F>
        <F>33104</F>
        <F>608</F>
        <F>Sudan</F>
      </Row>
      <Row index="51">
        <F>51</F>
        <F>610</F>
        <F>50938</F>
        <F>610</F>
        <F>Beans dry</F>
      </Row>
      <Row index="52">
        <F>52</F>
        <F>612</F>
        <F>72</F>
        <F>612</F>
        <F>Sunflowers</F>
      </Row>
      <Row index="53">
        <F>53</F>
        <F>700</F>
        <F>556181</F>
        <F>700</F>
        <F>Grain and Hay includes miscellaneous</F>
      </Row>
      <Row index="54">
        <F>54</F>
        <F>701</F>
        <F>3735</F>
        <F>701</F>
        <F>Barley</F>
      </Row>
      <Row index="55">
        <F>55</F>
        <F>702</F>
        <F>49959</F>
        <F>702</F>
        <F>Wheat</F>
      </Row>
      <Row index="56">
        <F>56</F>
        <F>703</F>
        <F>5590</F>
        <F>703</F>
        <F>Oats</F>
      </Row>
      <Row index="57">
        <F>57</F>
        <F>901</F>
        <F>75146</F>
        <F>901</F>
        <F>Idle   Cropped Past 3 Years</F>
      </Row>
      <Row index="58">
        <F>58</F>
        <F>902</F>
        <F>1315</F>
        <F>902</F>
        <F>Idle   New Lands</F>
      </Row>
      <Row index="59">
        <F>59</F>
        <F>1450</F>
        <F>37</F>
        <F>1450</F>
        <F>Native Vegetation</F>
      </Row>
      <Row index="60">
        <F>60</F>
        <F>1455</F>
        <F>981</F>
        <F>1455</F>
        <F>Brush and Timber</F>
      </Row>
      <Row index="61">
        <F>61</F>
        <F>1600</F>
        <F>1681</F>
        <F>1600</F>
        <F>Pasture</F>
      </Row>
      <Row index="62">
        <F>62</F>
        <F>1601</F>
        <F>595997</F>
        <F>1601</F>
        <F>Alfalfa</F>
      </Row>
      <Row index="63">
        <F>63</F>
        <F>1602</F>
        <F>186</F>
        <F>1602</F>
        <F>Clover</F>
      </Row>
      <Row index="64">
        <F>64</F>
        <F>1603</F>
        <F>46992</F>
        <F>1603</F>
        <F>Mixed pasture</F>
      </Row>
      <Row index="65">
        <F>65</F>
        <F>1604</F>
        <F>6731</F>
        <F>1604</F>
        <F>Native Pasture</F>
      </Row>
      <Row index="66">
        <F>66</F>
        <F>1606</F>
        <F>725</F>
        <F>1606</F>
        <F>Miscellaneous grasses</F>
      </Row>
      <Row index="67">
        <F>67</F>
        <F>1607</F>
        <F>1868</F>
        <F>1607</F>
        <F>Turf farms</F>
      </Row>
      <Row index="68">
        <F>68</F>
        <F>1800</F>
        <F>22</F>
        <F>1800</F>
        <F>Rice includes rice wild rice subclasses</F>
      </Row>
      <Row index="69">
        <F>69</F>
        <F>1901</F>
        <F>44795</F>
        <F>1901</F>
        <F>Farmstead with residence</F>
      </Row>
      <Row index="70">
        <F>70</F>
        <F>1902</F>
        <F>6429</F>
        <F>1902</F>
        <F>Livestock feedlot operation</F>
      </Row>
      <Row index="71">
        <F>71</F>
        <F>1903</F>
        <F>53678</F>
        <F>1903</F>
        <F>Dairy farm</F>
      </Row>
      <Row index="72">
        <F>72</F>
        <F>1904</F>
        <F>8262</F>
        <F>1904</F>
        <F>Poultry farm</F>
      </Row>
      <Row index="73">
        <F>73</F>
        <F>1905</F>
        <F>628</F>
        <F>1905</F>
        <F>Farmstead without residence</F>
      </Row>
      <Row index="74">
        <F>74</F>
        <F>2000</F>
        <F>86639</F>
        <F>2000</F>
        <F>Truck Nursery Berry Crops includes cole mix mixed and misc truck crops</F>
      </Row>
      <Row index="75">
        <F>75</F>
        <F>2001</F>
        <F>14246</F>
        <F>2001</F>
        <F>Artichokes</F>
      </Row>
      <Row index="76">
        <F>76</F>
        <F>2002</F>
        <F>8038</F>
        <F>2002</F>
        <F>Asparagus</F>
      </Row>
      <Row index="77">
        <F>77</F>
        <F>2003</F>
        <F>969</F>
        <F>2003</F>
        <F>Beans green</F>
      </Row>
      <Row index="78">
        <F>78</F>
        <F>2006</F>
        <F>76766</F>
        <F>2006</F>
        <F>Carrots</F>
      </Row>
      <Row index="79">
        <F>79</F>
        <F>2007</F>
        <F>7717</F>
        <F>2007</F>
        <F>Celery</F>
      </Row>
      <Row index="80">
        <F>80</F>
        <F>2008</F>
        <F>82987</F>
        <F>2008</F>
        <F>Lettuce</F>
      </Row>
      <Row index="81">
        <F>81</F>
        <F>2009</F>
        <F>46983</F>
        <F>2009</F>
        <F>Melons squash cucumbers</F>
      </Row>
      <Row index="82">
        <F>82</F>
        <F>2010</F>
        <F>76419</F>
        <F>2010</F>
        <F>Onions and garlic</F>
      </Row>
      <Row index="83">
        <F>83</F>
        <F>2011</F>
        <F>879</F>
        <F>2011</F>
        <F>Peas</F>
      </Row>
      <Row index="84">
        <F>84</F>
        <F>2012</F>
        <F>10366</F>
        <F>2012</F>
        <F>Potatoes</F>
      </Row>
      <Row index="85">
        <F>85</F>
        <F>2013</F>
        <F>1575</F>
        <F>2013</F>
        <F>Sweet Potatoes</F>
      </Row>
      <Row index="86">
        <F>86</F>
        <F>2014</F>
        <F>2428</F>
        <F>2014</F>
        <F>Spinach</F>
      </Row>
      <Row index="87">
        <F>87</F>
        <F>2015</F>
        <F>219623</F>
        <F>2015</F>
        <F>Tomatoes processing</F>
      </Row>
      <Row index="88">
        <F>88</F>
        <F>2016</F>
        <F>14349</F>
        <F>2016</F>
        <F>Flowers nursery Christmas tree farms</F>
      </Row>
      <Row index="89">
        <F>89</F>
        <F>2019</F>
        <F>860</F>
        <F>2019</F>
        <F>Bush berries</F>
      </Row>
      <Row index="90">
        <F>90</F>
        <F>2020</F>
        <F>14343</F>
        <F>2020</F>
        <F>Strawberries</F>
      </Row>
      <Row index="91">
        <F>91</F>
        <F>2021</F>
        <F>19937</F>
        <F>2021</F>
        <F>Peppers</F>
      </Row>
      <Row index="92">
        <F>92</F>
        <F>2022</F>
        <F>33370</F>
        <F>2022</F>
        <F>Broccoli</F>
      </Row>
      <Row index="93">
        <F>93</F>
        <F>2023</F>
        <F>2410</F>
        <F>2023</F>
        <F>Cabbage</F>
      </Row>
      <Row index="94">
        <F>94</F>
        <F>2024</F>
        <F>9575</F>
        <F>2024</F>
        <F>Cauliflower</F>
      </Row>
      <Row index="95">
        <F>95</F>
        <F>2025</F>
        <F>594</F>
        <F>2025</F>
        <F>Brussels Sprouts</F>
      </Row>
      <Row index="96">
        <F>96</F>
        <F>2200</F>
        <F>844500</F>
        <F>2200</F>
        <F>Vineyards includes table grapes</F>
      </Row>
      <Row index="97">
        <F>97</F>
        <F>65535</F>
        <F>46666798</F>
        <F>0</F>
        <F></F>
      </Row>
    </GDALRasterAttributeTable>
    <Metadata>
      <MDI key="STATISTICS_COVARIANCES">576076544.8678964</MDI>
      <MDI key="STATISTICS_EXCLUDEDVALUES"></MDI>
      <MDI key="STATISTICS_MAXIMUM">65535</MDI>
      <MDI key="STATISTICS_MEAN">54899.82169714</MDI>
      <MDI key="STATISTICS_MINIMUM">3</MDI>
      <MDI key="STATISTICS_SKIPFACTORX">1</MDI>
      <MDI key="STATISTICS_SKIPFACTORY">1</MDI>
      <MDI key="STATISTICS_STDDEV">24001.594631772</MDI>
    </Metadata>
  </PAMRasterBand>
</PAMDataset>
